{
  "ISAAC_TO_MUJOCO": [
    0,
    3,
    6,
    9,
    13,
    17,
    1,
    4,
    7,
    10,
    14,
    18,
    2,
    5,
    8,
    11,
    15,
    19,
    21,
    23,
    25,
    27,
    12,
    16,
    20,
    22,
    24,
    26,
    28
  ],
  "MUJOCO_TO_ISAAC": [
    0,
    6,
    12,
    1,
    7,
    13,
    2,
    8,
    14,
    3,
    9,
    15,
    22,
    4,
    10,
    16,
    23,
    5,
    11,
    17,
    24,
    18,
    25,
    19,
    26,
    20,
    27,
    21,
    28
  ],
  "action_dim": 29,
  "action_scale_mujoco": [
    0.548,
    0.351,
    0.548,
    0.351,
    0.439,
    0.439,
    0.548,
    0.351,
    0.548,
    0.351,
    0.439,
    0.439,
    0.548,
    0.439,
    0.439,
    0.439,
    0.439,
    0.439,
    0.439,
    0.439,
    0.075,
    0.075,
    0.439,
    0.439,
    0.439,
    0.439,
    0.439,
    0.075,
    0.075
  ],
  "contact_dim": 10,
  "control_dt": 0.02,
  "default_contact_label": [
    0.0,
    0.0,
    0.0,
    0.0,
    0.0
  ],
  "default_q_isaac": [
    -0.312,
    -0.312,
    0.0,
    0.0,
    0.0,
    0.0,
    0.0,
    0.0,
    0.0,
    0.669,
    0.669,
    0.2,
    0.2,
    -0.363,
    -0.363,
    0.2,
    -0.2,
    0.0,
    0.0,
    0.0,
    0.0,
    0.6,
    0.6,
    0.0,
    0.0,
    0.0,
    0.0,
    0.0,
    0.0
  ],
  "history_length": 1,
  "history_names": [
    "projected_gravity",
    "omega",
    "q",
    "dq",
    "last_action"
  ],
  "init_qpos_36": [
    -0.30971550941467285,
    -0.008524656295776367,
    0.7877424955368042,
    0.9987926812752704,
    -0.012486211622452519,
    -0.0459210711388165,
    0.01218727105381441,
    0.15753258764743805,
    -0.024858469143509865,
    0.014001104980707169,
    0.06524167209863663,
    -0.12364169210195541,
    0.033786576241254807,
    0.08075591176748276,
    0.028745979070663452,
    0.02062559500336647,
    0.18026025593280792,
    -0.13116876780986786,
    -0.03476269543170929,
    0.017560729756951332,
    -0.0013427719241008162,
    0.06848049908876419,
    -0.16282321512699127,
    0.2483399361371994,
    0.030629048123955727,
    0.9379460215568542,
    0.07211852073669434,
    0.17955879867076874,
    -0.010753108188509941,
    0.040171798318624496,
    -0.2165953665971756,
    -0.0063589769415557384,
    1.0054144859313965,
    -0.03225891664624214,
    0.14640237390995026,
    0.008325225673615932
  ],
  "joint_damping": [
    2.5579,
    6.3088,
    2.5579,
    6.3088,
    1.8144,
    1.8144,
    2.5579,
    6.3088,
    2.5579,
    6.3088,
    1.8144,
    1.8144,
    2.5579,
    1.8144,
    1.8144,
    0.9072,
    0.9072,
    0.9072,
    0.9072,
    0.9072,
    1.0681,
    1.0681,
    0.9072,
    0.9072,
    0.9072,
    0.9072,
    0.9072,
    1.0681,
    1.0681
  ],
  "joint_stiffness": [
    40.1792,
    99.0984,
    40.1792,
    99.0984,
    28.5012,
    28.5012,
    40.1792,
    99.0984,
    40.1792,
    99.0984,
    28.5012,
    28.5012,
    40.1792,
    28.5012,
    28.5012,
    14.2506,
    14.2506,
    14.2506,
    14.2506,
    14.2506,
    16.7783,
    16.7783,
    14.2506,
    14.2506,
    14.2506,
    14.2506,
    14.2506,
    16.7783,
    16.7783
  ],
  "lower_cmd_dim": 24,
  "motion_anchor_ori_b_dim": 6,
  "motion_anchor_pos_b_dim": 3,
  "obs_dim": 160,
  "obs_names": [
    "lower_command",
    "vr_3point_pos",
    "vr_3point_ori",
    "motion_anchor_pos_b",
    "motion_anchor_ori_b",
    "root_vel",
    "projected_gravity",
    "omega",
    "q",
    "dq",
    "last_action",
    "contact_mask"
  ],
  "onnx_sha256": "c0a3caf00809d1ccb26aad6358f2b107098462deccac755e406e522134103d04",
  "ref_motion_start_index": 0,
  "simulation_dt": 0.005,
  "torque_limit": [
    88,
    139,
    88,
    139,
    50,
    50,
    88,
    139,
    88,
    139,
    50,
    50,
    88,
    50,
    50,
    25,
    25,
    25,
    25,
    25,
    5,
    5,
    25,
    25,
    25,
    25,
    25,
    5,
    5
  ],
  "use_10way_contact": true,
  "use_5dim_contact_from_4dim": false,
  "use_8way_contact": false,
  "vr_3point_offsets": [
    [
      0.18,
      -0.025,
      0.0
    ],
    [
      0.18,
      0.025,
      0.0
    ],
    [
      0.0,
      0.0,
      0.35
    ]
  ],
  "vr_orn_dim": 12,
  "vr_pos_dim": 9
}